a,b,c,d,e,f
Record Length,2.500000e+03,,   0.000000000000,   0.40000,
Sample Interval,2.000000e-01,,   0.200000000000,   0.40000,
Trigger Point,0.000000000000e+00,,   0.400000000000,   0.80000,
,,,   0.600000000000,   0.80000,
,,,   0.800000000000,   0.40000,
,,,   1.000000000000,   0.40000,
Source,CH1,,   1.200000000000,   0.40000,
Vertical Units,V,,   1.400000000000,   0.40000,
Vertical Scale,1.000000e+01,,   1.600000000000,   0.80000,
Vertical Offset,8.000000e-01,,   1.800000000000,   0.80000,
Horizontal Units,s,,   2.000000000000,   0.40000,
Horizontal Scale,5.000000e+01,,   2.200000000000,   0.40000,
Pt Fmt,Y,,   2.400000000000,   0.80000,
Yzero,0.000000e+00,,   2.600000000000,   0.40000,
Probe Atten,1.000000e+01,,   2.800000000000,   0.80000,
Model Number,TDS2022C,,   3.000000000000,   0.80000,
Serial Number,C030291,,   3.200000000000,   0.80000,
Firmware Version,FV:v24.26,,   3.400000000000,   0.80000,
,,,3.600000000000,   0.40000,
,,,3.800000000000,   0.40000,
,,,4.000000000000,   0.80000,
,,,4.200000000000,   0.80000,
,,,4.400000000000,   0.80000,
,,,4.600000000000,   0.80000,
,,,4.800000000000,   0.80000,
,,,5.000000000000,   0.40000,
,,,5.200000000000,   0.80000,
,,,5.400000000000,   0.80000,
,,,5.600000000000,   0.40000,
,,,5.800000000000,   0.80000,
,,,6.000000000000,   0.80000,
,,,6.200000000000,   0.40000,
,,,6.400000000000,   0.80000,
,,,6.600000000000,   0.40000,
,,,6.800000000000,   0.80000,
,,,7.000000000000,   0.80000,
,,,7.200000000000,   0.80000,
,,,7.400000000000,   0.80000,
,,,7.600000000000,   0.80000,
,,,7.800000000000,   0.40000,
,,,8.000000000000,   0.80000,
,,,8.200000000000,   0.80000,
,,,8.400000000000,   0.80000,
,,,8.600000000000,   0.40000,
,,,8.800000000000,   0.80000,
,,,9.000000000000,   0.40000,
,,,9.200000000000,   0.40000,
,,,9.400000000000,   0.80000,
,,,9.600000000000,   0.40000,
,,,9.800000000000,   0.80000,
,,,10.000000000000,   0.80000,
,,,10.200000000000,   0.80000,
,,,10.400000000000,   0.80000,
,,,10.600000000000,   0.80000,
,,,10.800000000000,   0.40000,
,,,11.000000000000,   0.80000,
,,,11.200000000000,   0.80000,
,,,11.400000000000,   0.80000,
,,,11.600000000000,   0.80000,
,,,11.800000000000,   0.80000,
,,,12.000000000000,   0.40000,
,,,12.200000000000,   0.80000,
,,,12.400000000000,   0.80000,
,,,12.600000000000,   0.40000,
,,,12.800000000000,   0.40000,
,,,13.000000000000,   0.40000,
,,,13.200000000000,   0.80000,
,,,13.400000000000,   0.40000,
,,,13.600000000000,   0.80000,
,,,13.800000000000,   0.80000,
,,,14.000000000000,   0.80000,
,,,14.200000000000,   0.40000,
,,,14.400000000000,   0.40000,
,,,14.600000000000,   0.40000,
,,,14.800000000000,   0.80000,
,,,15.000000000000,   0.40000,
,,,15.200000000000,   0.40000,
,,,15.400000000000,   0.80000,
,,,15.600000000000,   0.80000,
,,,15.800000000000,   0.80000,
,,,16.000000000000,   0.80000,
,,,16.200000000000,   0.80000,
,,,16.400000000000,   0.40000,
,,,16.600000000000,   0.40000,
,,,16.800000000000,   0.80000,
,,,17.000000000000,   0.40000,
,,,17.200000000000,   0.80000,
,,,17.400000000000,   0.40000,
,,,17.600000000000,   0.40000,
,,,17.800000000000,   0.80000,
,,,18.000000000000,   0.80000,
,,,18.200000000000,   0.80000,
,,,18.400000000000,   0.80000,
,,,18.600000000000,   0.80000,
,,,18.800000000000,   0.80000,
,,,19.000000000000,   0.40000,
,,,19.200000000000,   0.80000,
,,,19.400000000000,   0.80000,
,,,19.600000000000,   0.80000,
,,,19.800000000000,   0.80000,
,,,20.000000000000,   0.80000,
,,,20.200000000000,   0.80000,
,,,20.400000000000,   0.80000,
,,,20.600000000000,   0.80000,
,,,20.800000000000,   0.40000,
,,,21.000000000000,  24.00000,
,,,21.200000000000,  24.00000,
,,,21.400000000000,  24.00000,
,,,21.600000000000,  24.00000,
,,,21.800000000000,  24.00000,
,,,22.000000000000,  24.00000,
,,,22.200000000000,  24.00000,
,,,22.400000000000,  24.00000,
,,,22.600000000000,  24.00000,
,,,22.800000000000,  24.00000,
,,,23.000000000000,  24.00000,
,,,23.200000000000,  24.00000,
,,,23.400000000000,  24.00000,
,,,23.600000000000,  24.00000,
,,,23.800000000000,  24.00000,
,,,24.000000000000,  24.40000,
,,,24.200000000000,  24.00000,
,,,24.400000000000,  24.00000,
,,,24.600000000000,  24.00000,
,,,24.800000000000,  24.00000,
,,,25.000000000000,  24.00000,
,,,25.200000000000,  24.40000,
,,,25.400000000000,  24.00000,
,,,25.600000000000,  24.00000,
,,,25.800000000000,  24.00000,
,,,26.000000000000,  24.40000,
,,,26.200000000000,  24.00000,
,,,26.400000000000,  24.00000,
,,,26.600000000000,  24.00000,
,,,26.800000000000,  24.00000,
,,,27.000000000000,  24.00000,
,,,27.200000000000,  24.00000,
,,,27.400000000000,  24.00000,
,,,27.600000000000,  24.40000,
,,,27.800000000000,  24.00000,
,,,28.000000000000,  24.00000,
,,,28.200000000000,  24.00000,
,,,28.400000000000,  24.00000,
,,,28.600000000000,  24.00000,
,,,28.800000000000,  24.00000,
,,,29.000000000000,  24.00000,
,,,29.200000000000,  24.00000,
,,,29.400000000000,  24.40000,
,,,29.600000000000,  24.00000,
,,,29.800000000000,  24.40000,
,,,30.000000000000,  24.00000,
,,,30.200000000000,  24.00000,
,,,30.400000000000,  24.40000,
,,,30.600000000000,  24.00000,
,,,30.800000000000,  24.00000,
,,,31.000000000000,  24.00000,
,,,31.200000000000,  24.40000,
,,,31.400000000000,  24.00000,
,,,31.600000000000,  24.00000,
,,,31.800000000000,  24.00000,
,,,32.000000000000,  24.00000,
,,,32.200000000000,  24.00000,
,,,32.400000000000,  24.00000,
,,,32.600000000000,  24.00000,
,,,32.800000000000,  24.00000,
,,,33.000000000000,  24.00000,
,,,33.200000000000,  23.60000,
,,,33.400000000000,  23.60000,
,,,33.600000000000,  23.20000,
,,,33.800000000000,  23.20000,
,,,34.000000000000,  22.80000,
,,,34.200000000000,  22.80000,
,,,34.400000000000,  22.40000,
,,,34.600000000000,  22.40000,
,,,34.800000000000,  22.00000,
,,,35.000000000000,  22.00000,
,,,35.200000000000,  22.00000,
,,,35.400000000000,  21.60000,
,,,35.600000000000,  21.60000,
,,,35.800000000000,  21.60000,
,,,36.000000000000,  21.20000,
,,,36.200000000000,  21.20000,
,,,36.400000000000,  20.80000,
,,,36.600000000000,  20.80000,
,,,36.800000000000,  20.80000,
,,,37.000000000000,  20.40000,
,,,37.200000000000,  20.40000,
,,,37.400000000000,  20.40000,
,,,37.600000000000,  20.00000,
,,,37.800000000000,  20.00000,
,,,38.000000000000,  19.60000,
,,,38.200000000000,  19.60000,
,,,38.400000000000,  19.60000,
,,,38.600000000000,  19.60000,
,,,38.800000000000,  19.20000,
,,,39.000000000000,  19.20000,
,,,39.200000000000,  19.20000,
,,,39.400000000000,  18.80000,
,,,39.600000000000,  18.40000,
,,,39.800000000000,  18.80000,
,,,40.000000000000,  18.40000,
,,,40.200000000000,  18.40000,
,,,40.400000000000,  18.00000,
,,,40.600000000000,  18.00000,
,,,40.800000000000,  18.00000,
,,,41.000000000000,  18.00000,
,,,41.200000000000,  18.00000,
,,,41.400000000000,  17.60000,
,,,41.600000000000,  17.20000,
,,,41.800000000000,  17.20000,
,,,42.000000000000,  17.20000,
,,,42.200000000000,  17.20000,
,,,42.400000000000,  16.80000,
,,,42.600000000000,  16.40000,
,,,42.800000000000,  16.80000,
,,,43.000000000000,  16.80000,
,,,43.200000000000,  16.40000,
,,,43.400000000000,  16.00000,
,,,43.600000000000,  16.00000,
,,,43.800000000000,  16.00000,
,,,44.000000000000,  16.00000,
,,,44.200000000000,  16.00000,
,,,44.400000000000,  15.60000,
,,,44.600000000000,  15.20000,
,,,44.800000000000,  15.60000,
,,,45.000000000000,  15.20000,
,,,45.200000000000,  15.20000,
,,,45.400000000000,  15.20000,
,,,45.600000000000,  15.20000,
,,,45.800000000000,  14.80000,
,,,46.000000000000,  14.80000,
,,,46.200000000000,  14.80000,
,,,46.400000000000,  14.80000,
,,,46.600000000000,  14.80000,
,,,46.800000000000,  14.40000,
,,,47.000000000000,  14.40000,
,,,47.200000000000,  14.40000,
,,,47.400000000000,  14.40000,
,,,47.600000000000,  14.00000,
,,,47.800000000000,  14.00000,
,,,48.000000000000,  14.00000,
,,,48.200000000000,  13.60000,
,,,48.400000000000,  13.60000,
,,,48.600000000000,  13.20000,
,,,48.800000000000,  13.60000,
,,,49.000000000000,  13.20000,
,,,49.200000000000,  13.20000,
,,,49.400000000000,  13.20000,
,,,49.600000000000,  12.80000,
,,,49.800000000000,  13.20000,
,,,50.000000000000,  12.80000,
,,,50.200000000000,  12.80000,
,,,50.400000000000,  12.40000,
,,,50.600000000000,  12.80000,
,,,50.800000000000,  12.80000,
,,,51.000000000000,  12.40000,
,,,51.200000000000,  12.40000,
,,,51.400000000000,  12.00000,
,,,51.600000000000,  12.00000,
,,,51.800000000000,  12.00000,
,,,52.000000000000,  12.00000,
,,,52.200000000000,  12.00000,
,,,52.400000000000,  11.60000,
,,,52.600000000000,  11.60000,
,,,52.800000000000,  11.60000,
,,,53.000000000000,  11.60000,
,,,53.200000000000,  11.60000,
,,,53.400000000000,  11.60000,
,,,53.600000000000,  11.20000,
,,,53.800000000000,  11.20000,
,,,54.000000000000,  11.20000,
,,,54.200000000000,  11.20000,
,,,54.400000000000,  11.20000,
,,,54.600000000000,  10.80000,
,,,54.800000000000,  11.20000,
,,,55.000000000000,  10.80000,
,,,55.200000000000,  10.80000,
,,,55.400000000000,  10.80000,
,,,55.600000000000,  10.80000,
,,,55.800000000000,  10.80000,
,,,56.000000000000,  10.40000,
,,,56.200000000000,  10.40000,
,,,56.400000000000,  10.40000,
,,,56.600000000000,  10.00000,
,,,56.800000000000,  10.40000,
,,,57.000000000000,  10.40000,
,,,57.200000000000,  10.00000,
,,,57.400000000000,  10.00000,
,,,57.600000000000,  10.00000,
,,,57.800000000000,  10.00000,
,,,58.000000000000,   9.60000,
,,,58.200000000000,  10.00000,
,,,58.400000000000,   9.60000,
,,,58.600000000000,   9.60000,
,,,58.800000000000,   9.60000,
,,,59.000000000000,   9.60000,
,,,59.200000000000,   9.20000,
,,,59.400000000000,   9.20000,
,,,59.600000000000,   9.20000,
,,,59.800000000000,   9.20000,
,,,60.000000000000,   8.80000,
,,,60.200000000000,   9.20000,
,,,60.400000000000,   8.80000,
,,,60.600000000000,   8.80000,
,,,60.800000000000,   9.20000,
,,,61.000000000000,   8.80000,
,,,61.200000000000,   8.80000,
,,,61.400000000000,   8.40000,
,,,61.600000000000,   8.40000,
,,,61.800000000000,   8.80000,
,,,62.000000000000,   8.40000,
,,,62.200000000000,   8.80000,
,,,62.400000000000,   8.80000,
,,,62.600000000000,   8.40000,
,,,62.800000000000,   8.40000,
,,,63.000000000000,   8.00000,
,,,63.200000000000,   8.40000,
,,,63.400000000000,   8.00000,
,,,63.600000000000,   8.00000,
,,,63.800000000000,   8.00000,
,,,64.000000000000,   8.00000,
,,,64.200000000000,   8.00000,
,,,64.400000000000,   7.60000,
,,,64.600000000000,   7.60000,
,,,64.800000000000,   7.60000,
,,,65.000000000000,   7.60000,
,,,65.200000000000,   8.00000,
,,,65.400000000000,   7.60000,
,,,65.600000000000,   7.60000,
,,,65.800000000000,   7.60000,
,,,66.000000000000,   7.60000,
,,,66.200000000000,   7.60000,
,,,66.400000000000,   7.20000,
,,,66.600000000000,   7.60000,
,,,66.800000000000,   7.20000,
,,,67.000000000000,   7.20000,
,,,67.200000000000,   7.20000,
,,,67.400000000000,   7.20000,
,,,67.600000000000,   7.20000,
,,,67.800000000000,   6.80000,
,,,68.000000000000,   6.80000,
,,,68.200000000000,   6.80000,
,,,68.400000000000,   6.80000,
,,,68.600000000000,   6.80000,
,,,68.800000000000,   6.80000,
,,,69.000000000000,   6.80000,
,,,69.200000000000,   6.40000,
,,,69.400000000000,   6.80000,
,,,69.600000000000,   6.80000,
,,,69.800000000000,   6.80000,
,,,70.000000000000,   6.80000,
,,,70.200000000000,   6.40000,
,,,70.400000000000,   6.40000,
,,,70.600000000000,   6.80000,
,,,70.800000000000,   6.40000,
,,,71.000000000000,   6.40000,
,,,71.200000000000,   6.40000,
,,,71.400000000000,   6.40000,
,,,71.600000000000,   6.40000,
,,,71.800000000000,   6.00000,
,,,72.000000000000,   6.00000,
,,,72.200000000000,   6.00000,
,,,72.400000000000,   6.00000,
,,,72.600000000000,   6.00000,
,,,72.800000000000,   6.00000,
,,,73.000000000000,   6.00000,
,,,73.200000000000,   6.00000,
,,,73.400000000000,   5.60000,
,,,73.600000000000,   6.00000,
,,,73.800000000000,   6.00000,
,,,74.000000000000,   5.60000,
,,,74.200000000000,   5.60000,
,,,74.400000000000,   5.20000,
,,,74.600000000000,   5.60000,
,,,74.800000000000,   5.60000,
,,,75.000000000000,   5.60000,
,,,75.200000000000,   5.60000,
,,,75.400000000000,   5.60000,
,,,75.600000000000,   5.20000,
,,,75.800000000000,   5.60000,
,,,76.000000000000,   5.60000,
,,,76.200000000000,   5.20000,
,,,76.400000000000,   5.60000,
,,,76.600000000000,   5.20000,
,,,76.800000000000,   5.20000,
,,,77.000000000000,   5.20000,
,,,77.200000000000,   5.20000,
,,,77.400000000000,   5.20000,
,,,77.600000000000,   5.20000,
,,,77.800000000000,   5.20000,
,,,78.000000000000,   5.20000,
,,,78.200000000000,   5.20000,
,,,78.400000000000,   5.20000,
,,,78.600000000000,   4.80000,
,,,78.800000000000,   4.80000,
,,,79.000000000000,   4.80000,
,,,79.200000000000,   4.80000,
,,,79.400000000000,   4.80000,
,,,79.600000000000,   4.80000,
,,,79.800000000000,   4.80000,
,,,80.000000000000,   4.80000,
,,,80.200000000000,   4.80000,
,,,80.400000000000,   4.80000,
,,,80.600000000000,   4.80000,
,,,80.800000000000,   4.40000,
,,,81.000000000000,   4.80000,
,,,81.200000000000,   4.40000,
,,,81.400000000000,   4.40000,
,,,81.600000000000,   4.80000,
,,,81.800000000000,   4.40000,
,,,82.000000000000,   4.40000,
,,,82.200000000000,   4.80000,
,,,82.400000000000,   4.40000,
,,,82.600000000000,   4.40000,
,,,82.800000000000,   4.40000,
,,,83.000000000000,   4.40000,
,,,83.200000000000,   4.40000,
,,,83.400000000000,   4.40000,
,,,83.600000000000,   4.40000,
,,,83.800000000000,   4.00000,
,,,84.000000000000,   4.40000,
,,,84.200000000000,   4.00000,
,,,84.400000000000,   4.40000,
,,,84.600000000000,   4.00000,
,,,84.800000000000,   4.00000,
,,,85.000000000000,   4.00000,
,,,85.200000000000,   4.00000,
,,,85.400000000000,   4.00000,
,,,85.600000000000,   4.40000,
,,,85.800000000000,   4.00000,
,,,86.000000000000,   4.00000,
,,,86.200000000000,   4.00000,
,,,86.400000000000,   3.60000,
,,,86.600000000000,   4.00000,
,,,86.800000000000,   4.00000,
,,,87.000000000000,   4.00000,
,,,87.200000000000,   4.00000,
,,,87.400000000000,   3.60000,
,,,87.600000000000,   3.60000,
,,,87.800000000000,   3.60000,
,,,88.000000000000,   4.40000,
,,,88.200000000000,   4.00000,
,,,88.400000000000,   4.00000,
,,,88.600000000000,   4.00000,
,,,88.800000000000,   4.00000,
,,,89.000000000000,   3.60000,
,,,89.200000000000,   3.60000,
,,,89.400000000000,   3.60000,
,,,89.600000000000,   3.60000,
,,,89.800000000000,   3.60000,
,,,90.000000000000,   3.60000,
,,,90.200000000000,   3.60000,
,,,90.400000000000,   3.60000,
,,,90.600000000000,   3.60000,
,,,90.800000000000,   3.60000,
,,,91.000000000000,   3.60000,
,,,91.200000000000,   3.60000,
,,,91.400000000000,   3.20000,
,,,91.600000000000,   3.60000,
,,,91.800000000000,   3.20000,
,,,92.000000000000,   3.20000,
,,,92.200000000000,   3.60000,
,,,92.400000000000,   3.60000,
,,,92.600000000000,   3.60000,
,,,92.800000000000,   3.20000,
,,,93.000000000000,   3.20000,
,,,93.200000000000,   3.20000,
,,,93.400000000000,   3.20000,
,,,93.600000000000,   3.20000,
,,,93.800000000000,   3.20000,
,,,94.000000000000,   3.20000,
,,,94.200000000000,   3.20000,
,,,94.400000000000,   3.20000,
,,,94.600000000000,   2.80000,
,,,94.800000000000,   3.60000,
,,,95.000000000000,   3.20000,
,,,95.200000000000,   3.20000,
,,,95.400000000000,   3.20000,
,,,95.600000000000,   2.80000,
,,,95.800000000000,   2.80000,
,,,96.000000000000,   2.80000,
,,,96.200000000000,   3.20000,
,,,96.400000000000,   2.80000,
,,,96.600000000000,   2.80000,
,,,96.800000000000,   2.80000,
,,,97.000000000000,   2.80000,
,,,97.200000000000,   2.80000,
,,,97.400000000000,   2.80000,
,,,97.600000000000,   2.80000,
,,,97.800000000000,   2.80000,
,,,98.000000000000,   2.80000,
,,,98.200000000000,   2.80000,
,,,98.400000000000,   2.80000,
,,,98.600000000000,   2.80000,
,,,98.800000000000,   2.80000,
,,,99.000000000000,   2.80000,
,,,99.200000000000,   2.80000,
,,,99.400000000000,   2.80000,
,,,99.600000000000,   2.80000,
,,,99.800000000000,   2.40000,
,,,100.000000000000,   2.80000,
,,,100.200000000000,   2.40000,
,,,100.400000000000,   2.40000,
,,,100.600000000000,   2.80000,
,,,100.800000000000,   2.80000,
,,,101.000000000000,   2.40000,
,,,101.200000000000,   2.40000,
,,,101.400000000000,   2.40000,
,,,101.600000000000,   2.40000,
,,,101.800000000000,   2.80000,
,,,102.000000000000,   2.80000,
,,,102.200000000000,   2.80000,
,,,102.400000000000,   2.80000,
,,,102.600000000000,   2.40000,
,,,102.800000000000,   2.40000,
,,,103.000000000000,   2.40000,
,,,103.200000000000,   2.40000,
,,,103.400000000000,   2.40000,
,,,103.600000000000,   2.80000,
,,,103.800000000000,   2.40000,
,,,104.000000000000,   2.40000,
,,,104.200000000000,   2.40000,
,,,104.400000000000,   2.40000,
,,,104.600000000000,   2.40000,
,,,104.800000000000,   2.00000,
,,,105.000000000000,   2.80000,
,,,105.200000000000,   2.40000,
,,,105.400000000000,   2.40000,
,,,105.600000000000,   2.00000,
,,,105.800000000000,   2.00000,
,,,106.000000000000,   2.40000,
,,,106.200000000000,   2.00000,
,,,106.400000000000,   2.40000,
,,,106.600000000000,   2.00000,
,,,106.800000000000,   2.40000,
,,,107.000000000000,   2.40000,
,,,107.200000000000,   2.40000,
,,,107.400000000000,   2.40000,
,,,107.600000000000,   2.00000,
,,,107.800000000000,   2.40000,
,,,108.000000000000,   2.00000,
,,,108.200000000000,   2.00000,
,,,108.400000000000,   2.00000,
,,,108.600000000000,   2.00000,
,,,108.800000000000,   2.00000,
,,,109.000000000000,   2.00000,
,,,109.200000000000,   2.00000,
,,,109.400000000000,   2.00000,
,,,109.600000000000,   2.00000,
,,,109.800000000000,   2.00000,
,,,110.000000000000,   2.00000,
,,,110.200000000000,   2.00000,
,,,110.400000000000,   2.00000,
,,,110.600000000000,   2.00000,
,,,110.800000000000,   2.00000,
,,,111.000000000000,   2.00000,
,,,111.200000000000,   2.00000,
,,,111.400000000000,   2.00000,
,,,111.600000000000,   2.00000,
,,,111.800000000000,   2.00000,
,,,112.000000000000,   2.00000,
,,,112.200000000000,   2.00000,
,,,112.400000000000,   2.00000,
,,,112.600000000000,   2.00000,
,,,112.800000000000,   2.00000,
,,,113.000000000000,   2.00000,
,,,113.200000000000,   2.00000,
,,,113.400000000000,   2.00000,
,,,113.600000000000,   2.00000,
,,,113.800000000000,   1.60000,
,,,114.000000000000,   1.60000,
,,,114.200000000000,   2.00000,
,,,114.400000000000,   2.00000,
,,,114.600000000000,   2.00000,
,,,114.800000000000,   2.00000,
,,,115.000000000000,   2.00000,
,,,115.200000000000,   1.60000,
,,,115.400000000000,   2.00000,
,,,115.600000000000,   1.60000,
,,,115.800000000000,   1.60000,
,,,116.000000000000,   2.00000,
,,,116.200000000000,   2.00000,
,,,116.400000000000,   1.60000,
,,,116.600000000000,   2.00000,
,,,116.800000000000,   1.60000,
,,,117.000000000000,   2.00000,
,,,117.200000000000,   1.60000,
,,,117.400000000000,   1.60000,
,,,117.600000000000,   1.60000,
,,,117.800000000000,   2.00000,
,,,118.000000000000,   2.00000,
,,,118.200000000000,   1.60000,
,,,118.400000000000,   1.60000,
,,,118.600000000000,   1.60000,
,,,118.800000000000,   2.00000,
,,,119.000000000000,   1.60000,
,,,119.200000000000,   1.60000,
,,,119.400000000000,   1.60000,
,,,119.600000000000,   1.60000,
,,,119.800000000000,   2.00000,
,,,120.000000000000,   1.60000,
,,,120.200000000000,   2.00000,
,,,120.400000000000,   1.60000,
,,,120.600000000000,   1.60000,
,,,120.800000000000,   1.60000,
,,,121.000000000000,   1.60000,
,,,121.200000000000,   1.60000,
,,,121.400000000000,   1.60000,
,,,121.600000000000,   1.60000,
,,,121.800000000000,   1.60000,
,,,122.000000000000,   1.60000,
,,,122.200000000000,   1.60000,
,,,122.400000000000,   1.20000,
,,,122.600000000000,   1.60000,
,,,122.800000000000,   1.20000,
,,,123.000000000000,   2.00000,
,,,123.200000000000,   1.60000,
,,,123.400000000000,   1.60000,
,,,123.600000000000,   1.20000,
,,,123.800000000000,   1.60000,
,,,124.000000000000,   1.20000,
,,,124.200000000000,   1.60000,
,,,124.400000000000,   1.60000,
,,,124.600000000000,   1.20000,
,,,124.800000000000,   1.60000,
,,,125.000000000000,   1.60000,
,,,125.200000000000,   1.60000,
,,,125.400000000000,   1.20000,
,,,125.600000000000,   1.60000,
,,,125.800000000000,   1.20000,
,,,126.000000000000,   1.20000,
,,,126.200000000000,   1.60000,
,,,126.400000000000,   1.60000,
,,,126.600000000000,   1.60000,
,,,126.800000000000,   1.20000,
,,,127.000000000000,   1.20000,
,,,127.200000000000,   1.20000,
,,,127.400000000000,   1.60000,
,,,127.600000000000,   1.60000,
,,,127.800000000000,   1.20000,
,,,128.000000000000,   1.20000,
,,,128.200000000000,   1.60000,
,,,128.400000000000,   1.20000,
,,,128.600000000000,   1.20000,
,,,128.800000000000,   1.20000,
,,,129.000000000000,   1.20000,
,,,129.200000000000,   1.20000,
,,,129.400000000000,   1.60000,
,,,129.600000000000,   1.20000,
,,,129.800000000000,   1.20000,
,,,130.000000000000,   1.20000,
,,,130.200000000000,   1.20000,
,,,130.400000000000,   0.80000,
,,,130.600000000000,   1.20000,
,,,130.800000000000,   1.20000,
,,,131.000000000000,   1.20000,
,,,131.200000000000,   0.80000,
,,,131.400000000000,   1.20000,
,,,131.600000000000,   1.20000,
,,,131.800000000000,   1.20000,
,,,132.000000000000,   1.20000,
,,,132.200000000000,   1.20000,
,,,132.400000000000,   1.20000,
,,,132.600000000000,   1.20000,
,,,132.800000000000,   0.80000,
,,,133.000000000000,   1.20000,
,,,133.200000000000,   1.20000,
,,,133.400000000000,   1.20000,
,,,133.600000000000,   1.20000,
,,,133.800000000000,   1.20000,
,,,134.000000000000,   1.20000,
,,,134.200000000000,   1.60000,
,,,134.400000000000,   1.20000,
,,,134.600000000000,   1.20000,
,,,134.800000000000,   1.20000,
,,,135.000000000000,   1.20000,
,,,135.200000000000,   1.20000,
,,,135.400000000000,   1.20000,
,,,135.600000000000,   0.80000,
,,,135.800000000000,   0.80000,
,,,136.000000000000,   1.20000,
,,,136.200000000000,   1.20000,
,,,136.400000000000,   1.20000,
,,,136.600000000000,   1.20000,
,,,136.800000000000,   1.20000,
,,,137.000000000000,   1.20000,
,,,137.200000000000,   0.80000,
,,,137.400000000000,   1.20000,
,,,137.600000000000,   1.20000,
,,,137.800000000000,   0.80000,
,,,138.000000000000,   1.20000,
,,,138.200000000000,   0.80000,
,,,138.400000000000,   1.20000,
,,,138.600000000000,   1.20000,
,,,138.800000000000,   1.20000,
,,,139.000000000000,   0.80000,
,,,139.200000000000,   0.80000,
,,,139.400000000000,   0.80000,
,,,139.600000000000,   0.80000,
,,,139.800000000000,   0.80000,
,,,140.000000000000,   1.20000,
,,,140.200000000000,   0.80000,
,,,140.400000000000,   1.20000,
,,,140.600000000000,   0.80000,
,,,140.800000000000,   0.80000,
,,,141.000000000000,   0.80000,
,,,141.200000000000,   1.20000,
,,,141.400000000000,   0.80000,
,,,141.600000000000,   0.80000,
,,,141.800000000000,   1.20000,
,,,142.000000000000,   0.80000,
,,,142.200000000000,   0.80000,
,,,142.400000000000,   1.20000,
,,,142.600000000000,   0.80000,
,,,142.800000000000,   0.80000,
,,,143.000000000000,   0.80000,
,,,143.200000000000,   0.80000,
,,,143.400000000000,   0.80000,
,,,143.600000000000,   0.80000,
,,,143.800000000000,   0.80000,
,,,144.000000000000,   1.20000,
,,,144.200000000000,   0.80000,
,,,144.400000000000,   0.80000,
,,,144.600000000000,   1.20000,
,,,144.800000000000,   1.20000,
,,,145.000000000000,   1.20000,
,,,145.200000000000,   1.20000,
,,,145.400000000000,   1.20000,
,,,145.600000000000,   0.80000,
,,,145.800000000000,   0.80000,
,,,146.000000000000,   0.80000,
,,,146.200000000000,   0.80000,
,,,146.400000000000,   0.80000,
,,,146.600000000000,   0.80000,
,,,146.800000000000,   1.20000,
,,,147.000000000000,   0.80000,
,,,147.200000000000,   0.80000,
,,,147.400000000000,   1.20000,
,,,147.600000000000,   0.80000,
,,,147.800000000000,   0.80000,
,,,148.000000000000,   0.80000,
,,,148.200000000000,   0.80000,
,,,148.400000000000,   0.80000,
,,,148.600000000000,   0.80000,
,,,148.800000000000,   1.20000,
,,,149.000000000000,   0.80000,
,,,149.200000000000,   0.80000,
,,,149.400000000000,   0.80000,
,,,149.600000000000,   0.80000,
,,,149.800000000000,   0.80000,
,,,150.000000000000,   0.80000,
,,,150.200000000000,   0.80000,
,,,150.400000000000,   0.80000,
,,,150.600000000000,   0.80000,
,,,150.800000000000,   0.80000,
,,,151.000000000000,   0.80000,
,,,151.200000000000,   0.80000,
,,,151.400000000000,   0.80000,
,,,151.600000000000,   0.80000,
,,,151.800000000000,   0.80000,
,,,152.000000000000,   0.80000,
,,,152.200000000000,   0.80000,
,,,152.400000000000,   0.80000,
,,,152.600000000000,   0.80000,
,,,152.800000000000,   0.80000,
,,,153.000000000000,   0.80000,
,,,153.200000000000,   0.80000,
,,,153.400000000000,   0.80000,
,,,153.600000000000,   0.80000,
,,,153.800000000000,   0.80000,
,,,154.000000000000,   0.80000,
,,,154.200000000000,   0.80000,
,,,154.400000000000,   0.80000,
,,,154.600000000000,   0.80000,
,,,154.800000000000,   0.80000,
,,,155.000000000000,   0.80000,
,,,155.200000000000,   0.80000,
,,,155.400000000000,   0.80000,
,,,155.600000000000,   0.80000,
,,,155.800000000000,   0.80000,
,,,156.000000000000,   0.80000,
,,,156.200000000000,   0.80000,
,,,156.400000000000,   0.80000,
,,,156.600000000000,   0.80000,
,,,156.800000000000,   0.80000,
,,,157.000000000000,   0.80000,
,,,157.200000000000,   0.80000,
,,,157.400000000000,   0.80000,
,,,157.600000000000,   0.80000,
,,,157.800000000000,   0.80000,
,,,158.000000000000,   0.80000,
,,,158.200000000000,   0.80000,
,,,158.400000000000,   0.80000,
,,,158.600000000000,   0.80000,
,,,158.800000000000,   0.80000,
,,,159.000000000000,   0.80000,
,,,159.200000000000,   0.80000,
,,,159.400000000000,   0.80000,
,,,159.600000000000,   0.80000,
,,,159.800000000000,   0.80000,
,,,160.000000000000,   0.80000,
,,,160.200000000000,   0.80000,
,,,160.400000000000,   0.80000,
,,,160.600000000000,   0.80000,
,,,160.800000000000,   0.80000,
,,,161.000000000000,   0.80000,
,,,161.200000000000,   0.80000,
,,,161.400000000000,   0.80000,
,,,161.600000000000,   0.80000,
,,,161.800000000000,   0.80000,
,,,162.000000000000,   0.80000,
,,,162.200000000000,   0.40000,
,,,162.400000000000,   0.80000,
,,,162.600000000000,   0.80000,
,,,162.800000000000,   0.80000,
,,,163.000000000000,   0.80000,
,,,163.200000000000,   0.80000,
,,,163.400000000000,   0.80000,
,,,163.600000000000,   0.80000,
,,,163.800000000000,   0.80000,
,,,164.000000000000,   0.80000,
,,,164.200000000000,   0.80000,
,,,164.400000000000,   0.80000,
,,,164.600000000000,   0.80000,
,,,164.800000000000,   0.80000,
,,,165.000000000000,   0.40000,
,,,165.200000000000,   0.80000,
,,,165.400000000000,   0.80000,
,,,165.600000000000,   0.80000,
,,,165.800000000000,   0.80000,
,,,166.000000000000,   0.80000,
,,,166.200000000000,   0.80000,
,,,166.400000000000,   0.80000,
,,,166.600000000000,   0.80000,
,,,166.800000000000,   0.80000,
,,,167.000000000000,   0.80000,
,,,167.200000000000,   0.80000,
,,,167.400000000000,   0.80000,
,,,167.600000000000,   0.80000,
,,,167.800000000000,   0.80000,
,,,168.000000000000,   0.80000,
,,,168.200000000000,   0.80000,
,,,168.400000000000,   0.80000,
,,,168.600000000000,   0.80000,
,,,168.800000000000,   0.80000,
,,,169.000000000000,   0.40000,
,,,169.200000000000,   0.80000,
,,,169.400000000000,   0.80000,
,,,169.600000000000,   0.80000,
,,,169.800000000000,   0.80000,
,,,170.000000000000,   0.80000,
,,,170.200000000000,   0.40000,
,,,170.400000000000,   0.80000,
,,,170.600000000000,   0.80000,
,,,170.800000000000,   0.80000,
,,,171.000000000000,   0.80000,
,,,171.200000000000,   0.80000,
,,,171.400000000000,   0.80000,
,,,171.600000000000,   0.80000,
,,,171.800000000000,   0.80000,
,,,172.000000000000,   0.80000,
,,,172.200000000000,   0.80000,
,,,172.400000000000,   0.80000,
,,,172.600000000000,   0.40000,
,,,172.800000000000,   0.80000,
,,,173.000000000000,   0.80000,
,,,173.200000000000,   0.80000,
,,,173.400000000000,   0.80000,
,,,173.600000000000,   0.80000,
,,,173.800000000000,   0.80000,
,,,174.000000000000,   0.80000,
,,,174.200000000000,   0.40000,
,,,174.400000000000,   0.80000,
,,,174.600000000000,   0.80000,
,,,174.800000000000,   0.80000,
,,,175.000000000000,   0.80000,
,,,175.200000000000,   0.80000,
,,,175.400000000000,   0.80000,
,,,175.600000000000,   0.80000,
,,,175.800000000000,   0.80000,
,,,176.000000000000,   0.80000,
,,,176.200000000000,   0.80000,
,,,176.400000000000,   0.80000,
,,,176.600000000000,   0.80000,
,,,176.800000000000,   0.80000,
,,,177.000000000000,   0.80000,
,,,177.200000000000,   0.80000,
,,,177.400000000000,   0.80000,
,,,177.600000000000,   0.80000,
,,,177.800000000000,   0.80000,
,,,178.000000000000,   0.80000,
,,,178.200000000000,   0.80000,
,,,178.400000000000,   0.40000,
,,,178.600000000000,   0.40000,
,,,178.800000000000,   0.80000,
,,,179.000000000000,   0.80000,
,,,179.200000000000,   0.80000,
,,,179.400000000000,   0.80000,
,,,179.600000000000,   0.80000,
,,,179.800000000000,   0.80000,
,,,180.000000000000,   0.80000,
,,,180.200000000000,   0.80000,
,,,180.400000000000,   0.80000,
,,,180.600000000000,   0.80000,
,,,180.800000000000,   0.80000,
,,,181.000000000000,   0.80000,
,,,181.200000000000,   0.80000,
,,,181.400000000000,   0.80000,
,,,181.600000000000,   0.80000,
,,,181.800000000000,   0.40000,
,,,182.000000000000,   0.80000,
,,,182.200000000000,   0.40000,
,,,182.400000000000,   0.80000,
,,,182.600000000000,   0.80000,
,,,182.800000000000,   0.40000,
,,,183.000000000000,   0.80000,
,,,183.200000000000,   0.40000,
,,,183.400000000000,   0.80000,
,,,183.600000000000,   0.80000,
,,,183.800000000000,   0.80000,
,,,184.000000000000,   0.80000,
,,,184.200000000000,   0.40000,
,,,184.400000000000,   0.80000,
,,,184.600000000000,   0.80000,
,,,184.800000000000,   0.80000,
,,,185.000000000000,   0.40000,
,,,185.200000000000,   0.80000,
,,,185.400000000000,   0.80000,
,,,185.600000000000,   0.80000,
,,,185.800000000000,   0.80000,
,,,186.000000000000,   0.80000,
,,,186.200000000000,   0.80000,
,,,186.400000000000,   0.40000,
,,,186.600000000000,   0.80000,
,,,186.800000000000,   0.40000,
,,,187.000000000000,   0.80000,
,,,187.200000000000,   0.80000,
,,,187.400000000000,   0.40000,
,,,187.600000000000,   0.80000,
,,,187.800000000000,   0.40000,
,,,188.000000000000,   0.40000,
,,,188.200000000000,   0.80000,
,,,188.400000000000,   0.40000,
,,,188.600000000000,   0.80000,
,,,188.800000000000,   0.40000,
,,,189.000000000000,   0.80000,
,,,189.200000000000,   0.80000,
,,,189.400000000000,   0.80000,
,,,189.600000000000,   0.40000,
,,,189.800000000000,   0.80000,
,,,190.000000000000,   0.80000,
,,,190.200000000000,   0.80000,
,,,190.400000000000,   0.40000,
,,,190.600000000000,   0.80000,
,,,190.800000000000,   0.80000,
,,,191.000000000000,   0.80000,
,,,191.200000000000,   0.80000,
,,,191.400000000000,   0.80000,
,,,191.600000000000,   0.80000,
,,,191.800000000000,   0.80000,
,,,192.000000000000,   0.40000,
,,,192.200000000000,   0.40000,
,,,192.400000000000,   0.80000,
,,,192.600000000000,   0.80000,
,,,192.800000000000,   0.40000,
,,,193.000000000000,   0.40000,
,,,193.200000000000,   0.80000,
,,,193.400000000000,   0.40000,
,,,193.600000000000,   0.80000,
,,,193.800000000000,   0.80000,
,,,194.000000000000,   0.40000,
,,,194.200000000000,   0.40000,
,,,194.400000000000,   0.80000,
,,,194.600000000000,   0.80000,
,,,194.800000000000,   0.80000,
,,,195.000000000000,   0.40000,
,,,195.200000000000,   0.80000,
,,,195.400000000000,   0.80000,
,,,195.600000000000,   0.40000,
,,,195.800000000000,   0.40000,
,,,196.000000000000,   0.80000,
,,,196.200000000000,   0.40000,
,,,196.400000000000,   0.80000,
,,,196.600000000000,   0.40000,
,,,196.800000000000,   0.80000,
,,,197.000000000000,   0.80000,
,,,197.200000000000,   0.80000,
,,,197.400000000000,   0.40000,
,,,197.600000000000,   0.40000,
,,,197.800000000000,   0.40000,
,,,198.000000000000,   0.80000,
,,,198.200000000000,   0.80000,
,,,198.400000000000,   0.40000,
,,,198.600000000000,   0.80000,
,,,198.800000000000,   0.80000,
,,,199.000000000000,   0.80000,
,,,199.200000000000,   0.80000,
,,,199.400000000000,   0.40000,
,,,199.600000000000,   0.80000,
,,,199.800000000000,   0.80000,
,,,200.000000000000,   0.40000,
,,,200.200000000000,   0.80000,
,,,200.400000000000,   0.40000,
,,,200.600000000000,   0.80000,
,,,200.800000000000,   0.40000,
,,,201.000000000000,   0.80000,
,,,201.200000000000,   0.40000,
,,,201.400000000000,   0.40000,
,,,201.600000000000,   0.80000,
,,,201.800000000000,   0.80000,
,,,202.000000000000,   0.40000,
,,,202.200000000000,   0.40000,
,,,202.400000000000,   0.80000,
,,,202.600000000000,   0.40000,
,,,202.800000000000,   0.40000,
,,,203.000000000000,   0.40000,
,,,203.200000000000,   0.40000,
,,,203.400000000000,   0.40000,
,,,203.600000000000,   0.40000,
,,,203.800000000000,   0.40000,
,,,204.000000000000,   0.80000,
,,,204.200000000000,   0.40000,
,,,204.400000000000,   0.80000,
,,,204.600000000000,   0.80000,
,,,204.800000000000,   0.80000,
,,,205.000000000000,   0.40000,
,,,205.200000000000,   0.80000,
,,,205.400000000000,   0.80000,
,,,205.600000000000,   0.40000,
,,,205.800000000000,   0.80000,
,,,206.000000000000,   0.40000,
,,,206.200000000000,   0.40000,
,,,206.400000000000,   0.80000,
,,,206.600000000000,   0.40000,
,,,206.800000000000,   0.40000,
,,,207.000000000000,   0.40000,
,,,207.200000000000,   0.40000,
,,,207.400000000000,   0.80000,
,,,207.600000000000,   0.80000,
,,,207.800000000000,   0.40000,
,,,208.000000000000,   0.80000,
,,,208.200000000000,   0.80000,
,,,208.400000000000,   0.40000,
,,,208.600000000000,   0.40000,
,,,208.800000000000,   0.40000,
,,,209.000000000000,   0.80000,
,,,209.200000000000,   0.80000,
,,,209.400000000000,   0.40000,
,,,209.600000000000,   0.40000,
,,,209.800000000000,   0.40000,
,,,210.000000000000,   0.80000,
,,,210.200000000000,   0.80000,
,,,210.400000000000,   0.80000,
,,,210.600000000000,   0.80000,
,,,210.800000000000,   0.40000,
,,,211.000000000000,   0.80000,
,,,211.200000000000,   0.40000,
,,,211.400000000000,   0.40000,
,,,211.600000000000,   0.80000,
,,,211.800000000000,   0.40000,
,,,212.000000000000,   0.40000,
,,,212.200000000000,   0.80000,
,,,212.400000000000,   0.40000,
,,,212.600000000000,   0.40000,
,,,212.800000000000,   0.40000,
,,,213.000000000000,   0.80000,
,,,213.200000000000,   0.80000,
,,,213.400000000000,   0.40000,
,,,213.600000000000,   0.40000,
,,,213.800000000000,   0.40000,
,,,214.000000000000,   0.40000,
,,,214.200000000000,   0.80000,
,,,214.400000000000,   0.80000,
,,,214.600000000000,   0.40000,
,,,214.800000000000,   0.40000,
,,,215.000000000000,   0.80000,
,,,215.200000000000,   0.40000,
,,,215.400000000000,   0.80000,
,,,215.600000000000,   0.40000,
,,,215.800000000000,   0.40000,
,,,216.000000000000,   0.40000,
,,,216.200000000000,   0.40000,
,,,216.400000000000,   0.40000,
,,,216.600000000000,   0.40000,
,,,216.800000000000,   0.40000,
,,,217.000000000000,   0.40000,
,,,217.200000000000,   0.40000,
,,,217.400000000000,   0.80000,
,,,217.600000000000,   0.40000,
,,,217.800000000000,   0.40000,
,,,218.000000000000,   0.80000,
,,,218.200000000000,   0.40000,
,,,218.400000000000,   0.40000,
,,,218.600000000000,   0.80000,
,,,218.800000000000,   0.40000,
,,,219.000000000000,   0.40000,
,,,219.200000000000,   0.40000,
,,,219.400000000000,   0.80000,
,,,219.600000000000,   0.40000,
,,,219.800000000000,   0.40000,
,,,220.000000000000,   0.40000,
,,,220.200000000000,   0.80000,
,,,220.400000000000,   0.40000,
,,,220.600000000000,   0.80000,
,,,220.800000000000,   0.40000,
,,,221.000000000000,   0.40000,
,,,221.200000000000,   0.80000,
,,,221.400000000000,   0.40000,
,,,221.600000000000,   0.80000,
,,,221.800000000000,   0.40000,
,,,222.000000000000,   0.40000,
,,,222.200000000000,   0.40000,
,,,222.400000000000,   0.40000,
,,,222.600000000000,   0.40000,
,,,222.800000000000,   0.80000,
,,,223.000000000000,   0.40000,
,,,223.200000000000,   0.40000,
,,,223.400000000000,   0.40000,
,,,223.600000000000,   0.40000,
,,,223.800000000000,   0.80000,
,,,224.000000000000,   0.40000,
,,,224.200000000000,   0.40000,
,,,224.400000000000,   0.00000,
,,,224.600000000000,   0.40000,
,,,224.800000000000,   0.40000,
,,,225.000000000000,   0.40000,
,,,225.200000000000,   0.00000,
,,,225.400000000000,   0.40000,
,,,225.600000000000,   0.40000,
,,,225.800000000000,   0.40000,
,,,226.000000000000,   0.80000,
,,,226.200000000000,   0.40000,
,,,226.400000000000,   0.80000,
,,,226.600000000000,   0.40000,
,,,226.800000000000,   0.40000,
,,,227.000000000000,   0.40000,
,,,227.200000000000,   0.80000,
,,,227.400000000000,   0.80000,
,,,227.600000000000,   0.40000,
,,,227.800000000000,   0.40000,
,,,228.000000000000,   0.80000,
,,,228.200000000000,   0.80000,
,,,228.400000000000,   0.40000,
,,,228.600000000000,   0.40000,
,,,228.800000000000,   0.40000,
,,,229.000000000000,   0.40000,
,,,229.200000000000,   0.40000,
,,,229.400000000000,   0.40000,
,,,229.600000000000,   0.80000,
,,,229.800000000000,   0.80000,
,,,230.000000000000,   0.40000,
,,,230.200000000000,   0.80000,
,,,230.400000000000,   0.40000,
,,,230.600000000000,   0.80000,
,,,230.800000000000,   0.40000,
,,,231.000000000000,   0.80000,
,,,231.200000000000,   0.40000,
,,,231.400000000000,   0.80000,
,,,231.600000000000,   0.40000,
,,,231.800000000000,   0.40000,
,,,232.000000000000,   0.40000,
,,,232.200000000000,   0.40000,
,,,232.400000000000,   0.40000,
,,,232.600000000000,   0.40000,
,,,232.800000000000,   0.80000,
,,,233.000000000000,   0.40000,
,,,233.200000000000,   0.40000,
,,,233.400000000000,   0.40000,
,,,233.600000000000,   0.40000,
,,,233.800000000000,   0.80000,
,,,234.000000000000,   0.80000,
,,,234.200000000000,   0.80000,
,,,234.400000000000,   0.80000,
,,,234.600000000000,   0.80000,
,,,234.800000000000,   0.40000,
,,,235.000000000000,   0.40000,
,,,235.200000000000,   0.40000,
,,,235.400000000000,   0.80000,
,,,235.600000000000,   0.80000,
,,,235.800000000000,   0.40000,
,,,236.000000000000,   0.40000,
,,,236.200000000000,   0.40000,
,,,236.400000000000,   0.40000,
,,,236.600000000000,   0.80000,
,,,236.800000000000,   0.80000,
,,,237.000000000000,   0.40000,
,,,237.200000000000,   0.80000,
,,,237.400000000000,   0.40000,
,,,237.600000000000,   0.40000,
,,,237.800000000000,   0.40000,
,,,238.000000000000,   0.80000,
,,,238.200000000000,   0.40000,
,,,238.400000000000,   0.40000,
,,,238.600000000000,   0.40000,
,,,238.800000000000,   0.40000,
,,,239.000000000000,   0.80000,
,,,239.200000000000,   0.40000,
,,,239.400000000000,   0.40000,
,,,239.600000000000,   0.40000,
,,,239.800000000000,   0.40000,
,,,240.000000000000,   0.40000,
,,,240.200000000000,   0.40000,
,,,240.400000000000,   0.40000,
,,,240.600000000000,   0.40000,
,,,240.800000000000,   0.40000,
,,,241.000000000000,   0.80000,
,,,241.200000000000,   0.40000,
,,,241.400000000000,   0.80000,
,,,241.600000000000,   0.40000,
,,,241.800000000000,   0.40000,
,,,242.000000000000,   0.40000,
,,,242.200000000000,   0.40000,
,,,242.400000000000,   0.40000,
,,,242.600000000000,   0.80000,
,,,242.800000000000,   0.40000,
,,,243.000000000000,   0.40000,
,,,243.200000000000,   0.40000,
,,,243.400000000000,   0.80000,
,,,243.600000000000,   0.80000,
,,,243.800000000000,   0.40000,
,,,244.000000000000,   0.40000,
,,,244.200000000000,   0.80000,
,,,244.400000000000,   0.40000,
,,,244.600000000000,   0.40000,
,,,244.800000000000,   0.40000,
,,,245.000000000000,   0.40000,
,,,245.200000000000,   0.40000,
,,,245.400000000000,   0.40000,
,,,245.600000000000,   0.40000,
,,,245.800000000000,   0.40000,
,,,246.000000000000,   0.80000,
,,,246.200000000000,   0.40000,
,,,246.400000000000,   0.40000,
,,,246.600000000000,   0.40000,
,,,246.800000000000,   0.40000,
,,,247.000000000000,   0.80000,
,,,247.200000000000,   0.40000,
,,,247.400000000000,   0.40000,
,,,247.600000000000,   0.80000,
,,,247.800000000000,   0.40000,
,,,248.000000000000,   0.40000,
,,,248.200000000000,   0.80000,
,,,248.400000000000,   0.80000,
,,,248.600000000000,   0.40000,
,,,248.800000000000,   0.40000,
,,,249.000000000000,   0.80000,
,,,249.200000000000,   0.40000,
,,,249.400000000000,   0.80000,
,,,249.600000000000,   0.40000,
,,,249.800000000000,   0.40000,